{
    "betterend:violecite_lantern": {
        "temperature": 0.5
    },
    "betterend:flavolite_lantern": {
        "temperature": 0.5
    },
    "betterend:sulphuric_rock_lantern": {
        "temperature": 0.5
    },
    "betterend:virid_jadestone_lantern": {
        "temperature": 0.5
    },
    "betterend:azure_jadestone_lantern": {
        "temperature": 0.5
    },
    "betterend:sandy_jadestone_lantern": {
        "temperature": 0.5
    },
    "betterend:umbralith_lantern": {
        "temperature": 0.5
    },
    "betterend:andesite_lantern": {
        "temperature": 0.5
    },
    "betterend:diorite_lantern": {
        "temperature": 0.5
    },
    "betterend:granite_lantern": {
        "temperature": 0.5
    },
    "betterend:quartz_lantern": {
        "temperature": 0.5
    },
    "betterend:purpur_lantern": {
        "temperature": 0.5
    },
    "betterend:end_stone_lantern": {
        "temperature": 0.5
    },
    "betterend:thallasium_bulb_lantern": {
        "temperature": 0.5
    },
    "betterend:thallasium_bulb_lantern_white": {
        "temperature": 0.5
    },
    "betterend:thallasium_bulb_lantern_gray": {
        "temperature": 0.5
    },
    "betterend:thallasium_bulb_lantern_light_gray": {
        "temperature": 0.5
    },
    "betterend:thallasium_bulb_lantern_black": {
        "temperature": 0.5
    },
    "betterend:thallasium_bulb_lantern_blue": {
        "temperature": 0.5
    },
    "betterend:thallasium_bulb_lantern_lime": {
        "temperature": 0.5
    },
    "betterend:thallasium_bulb_lantern_magenta": {
        "temperature": 0.5
    },
    "betterend:thallasium_bulb_lantern_red": {
        "temperature": 0.5
    },
    "betterend:thallasium_bulb_lantern_orange": {
        "temperature": 0.5
    },
    "betterend:thallasium_bulb_lantern_purple": {
        "temperature": 0.5
    },
    "betterend:thallasium_bulb_lantern_cyan": {
        "temperature": 0.5
    },
    "betterend:thallasium_bulb_lantern_brown": {
        "temperature": 0.5
    },
    "betterend:thallasium_bulb_lantern_green": {
        "temperature": 0.5
    },
    "betterend:thallasium_bulb_lantern_yellow": {
        "temperature": 0.5
    },
    "betterend:thallasium_bulb_lantern_pink": {
        "temperature": 0.5
    },
    "betterend:thallasium_bulb_lantern_light_blue": {
        "temperature": 0.5
    },
    "betterend:terminite_bulb_lantern": {
        "temperature": 0.5
    },
    "betterend:terminite_bulb_lantern_white": {
    "temperature": 0.5
    },
    "betterend:terminite_bulb_lantern_gray": {
        "temperature": 0.5
    },
    "betterend:terminite_bulb_lantern_light_gray": {
        "temperature": 0.5
    },
    "betterend:terminite_bulb_lantern_black": {
        "temperature": 0.5
    },
    "betterend:terminite_bulb_lantern_blue": {
        "temperature": 0.5
    },
    "betterend:terminite_bulb_lantern_lime": {
        "temperature": 0.5
    },
    "betterend:terminite_bulb_lantern_magenta": {
        "temperature": 0.5
    },
    "betterend:terminite_bulb_lantern_red": {
        "temperature": 0.5
    },
    "betterend:terminite_bulb_lantern_orange": {
        "temperature": 0.5
    },
    "betterend:terminite_bulb_lantern_purple": {
    "temperature": 0.5
    },
    "betterend:terminite_bulb_lantern_cyan": {
        "temperature": 0.5
    },
    "betterend:terminite_bulb_lantern_brown": {
        "temperature": 0.5
    },
    "betterend:terminite_bulb_lantern_green": {
        "temperature": 0.5
    },
    "betterend:terminite_bulb_lantern_yellow": {
        "temperature": 0.5
    },
    "betterend:terminite_bulb_lantern_pink": {
        "temperature": 0.5
    },
    "betterend:terminite_bulb_lantern_light_blue": {
        "temperature": 0.5
    },
    "betterend:iron_bulb_lantern": {
        "temperature": 0.5
    },
    "betterend:iron_bulb_lantern_white": {
        "temperature": 0.5
    },
    "betterend:iron_bulb_lantern_gray": {
        "temperature": 0.5
    },
    "betterend:iron_bulb_lantern_light_gray": {
        "temperature": 0.5
    },
    "betterend:iron_bulb_lantern_black": {
        "temperature": 0.5
    },
    "betterend:iron_bulb_lantern_blue": {
        "temperature": 0.5
    },
    "betterend:iron_bulb_lantern_lime": {
        "temperature": 0.5
    },
    "betterend:iron_bulb_lantern_magenta": {
        "temperature": 0.5
    },
    "betterend:iron_bulb_lantern_red": {
        "temperature": 0.5
    },
    "betterend:iron_bulb_lantern_orange": {
        "temperature": 0.5
    },
    "betterend:iron_bulb_lantern_purple": {
        "temperature": 0.5
    },
    "betterend:iron_bulb_lantern_cyan": {
        "temperature": 0.5
    },
    "betterend:iron_bulb_lantern_brown": {
        "temperature": 0.5
    },
    "betterend:iron_bulb_lantern_green": {
        "temperature": 0.5
    },
    "betterend:iron_bulb_lantern_yellow": {
        "temperature": 0.5
    },
    "betterend:iron_bulb_lantern_pink": {
        "temperature": 0.5
    },
    "betterend:iron_bulb_lantern_light_blue": {
        "temperature": 0.5
    },
    "betterend:filalux_lantern": {
        "temperature": 0.5
    },
    "betterend:blue_vine_lantern": {
        "temperature": 0.5
    },
    "betterend:amarantia_lantern": {
        "temperature": 0.5
    }
}