{
    "betternether:willow_torch": {
        "max_count": 10,
        "1": 0.3,
        "6": 0.2,
        "9": 0.1
    },
    "betternether:cincinnasite_lantern_small": {
        "max_count": 10,
        "1": 0.3,
        "6": 0.2,
        "9": 0.1
    },
    "betternether:cincinnasite_lantern": {
        "max_count": 10,
        "1": 0.3,
        "6": 0.2,
        "9": 0.1
    },
    "betternether:whispering_gourd_lantern": {
        "max_count": 10,
        "1": 0.3,
        "6": 0.2,
        "9": 0.1
    }
}