{
    "seasonsextras:chiller": {
        "max_count": 1,
        "level": {
            "1": {
                "1": 0,
                "3": 0.2,
                "6": 0.3,
                "9": 0.4
            },
            "2": {
                "1": -0.6,
                "3": -0.3,
                "6": 0,
                "9": 0.3
            },
            "3": {
                "1": -1,
                "3": -0.6,
                "6": -0.3,
                "9": 0
            }
        }
    },
    "seasonsextras:heater": {
        "max_count": 1,
        "level": {
            "1": {
                "1": 2,
                "3": 1,
                "6": 0.6,
                "9": 0.3
            },
            "2": {
                "1": 3,
                "3": 1.5,
                "6": 1,
                "9": 0.6
            },
            "3": {
                "1": 4,
                "3": 2,
                "6": 1.5,
                "9": 0.8
            }
        }
    }
}